{
    "category": [
        {
            "subcat": [
                {
                    "event": [
                        {
                            "selection": [
                                {
                                    "price": 1.5,
                                    "id": 1111,
                                    "name": "KB Stars",
                                    "active": true
                                },
                                {
                                    "price": 2.25,
                                    "id": 1112,
                                    "name": "Suwon Kepco Vixtorm",
                                    "active": true
                                }
                            ],
                            "id": 111,
                            "name": "KB Stars v Suwon Kepco Vixtorm",
                            "active" : true
                        }
                    ],
                    "id": 11,
                    "name": "South Korea V League"
                }
            ],
            "id": 1,
            "name": "Volleyball"
        },
        {
            "subcat": [
                {
                    "event": [
                        {
                            "selection": [
                                {
                                    "price": 11.0,
                                    "id": 2111,
                                    "name": "Sakellaridis M / Sakellaridis S",
                                    "active": true
                                },
                                {
                                    "price": 1.01,
                                    "id": 2112,
                                    "name": "Hazawa S / Yamanaka T",
                                    "active": false
                                }
                            ],
                            "id": 211,
                            "active": true,
                            "name": "Sakellaridis M / Sakellaridis S v Hazawa S / Yamanaka T"
                        }
                    ],
                    "id": 21,
                    "name": "ITF Turkey F1"
                },
                {
                    "event": [
                        {
                            "selection": [
                                {
                                    "price": 15.0,
                                    "id": 2211,
                                    "name": "Hazawa M / Sakellaridis",
                                    "active": true
                                },
                                {
                                    "price": 1.61,
                                    "id": 2212,
                                    "name": "Hazawa S / Yamanaka T",
                                    "active": false
                                }
                            ],
                            "id": 221,
                            "active": true,
                            "name": "Sakellaridis M / Sakellaridis S v Hazawa S / Yamanaka T"
                        }
                    ],
                    "id": 22,
                    "name": "ITF Turkey F2"
                },
                {
                    "event": [
                        {
                            "selection": [
                                {
                                    "price": 4.1,
                                    "id": 2311,
                                    "name": "Yamanaka M / Sakellaridis S",
                                    "active": true
                                },
                                {
                                    "price": 3.01,
                                    "id": 2312,
                                    "name": "Sakellaridis S / Yamanaka T",
                                    "active": false
                                }
                            ],
                            "id": 231,
                            "active": true,
                            "name": "Yamanaka M / Sakellaridis S v Sakellaridis S / Yamanaka T"
                        }
                    ],
                    "id": 23,
                    "name": "ITF Turkey F3"
                }
            ],
            "id": 2,
            "name": "Tennis"
        },
        {
            "subcat": [
                {
                    "event": [
                        {
                            "selection": [
                                {
                                    "price": 1.8,
                                    "id": 3311,
                                    "name": "Morocco",
                                    "active": true
                                },
                                {
                                    "price": 3.8,
                                    "id": 3312,
                                    "name": "Draw",
                                    "active": true
                                },
                                {
                                    "price": 3.8,
                                    "id": 3313,
                                    "name": "Tunisia",
                                    "active": true
                                }
                            ],
                            "id": 331,
                            "active": false,
                            "name": "Morocco v Tunisia"
                        },
                        {
                            "selection": [
                                {
                                    "price": 1.8,
                                    "id": 3321,
                                    "name": "Portugal",
                                    "active": true
                                },
                                {
                                    "price": 3.8,
                                    "id": 3322,
                                    "name": "Draw",
                                    "active": true
                                },
                                {
                                    "price": 3.8,
                                    "id": 3323,
                                    "name": "Spain",
                                    "active": true
                                }
                            ],
                            "id": 332,
                            "active": true,
                            "name": "Portugal v Spain"
                        }
                    ],
                    "id": 33,
                    "name": "World cup"
                }
            ],
            "id": 3,
            "name": "Football"
        }
    ]
}